演習,898
特殊,525
I,485
講義,480
II,461
学,451
論,437
研究,269
１,244
コース,236
III,208
２,189
実習,163
共通,160
特別,158
科学,134
専門,129
IV,129
文化,128
基礎,122
概論,116
工学,111
日本語,110
英語,109
実験,108
Ⅱ,101
システム,99
Ⅰ,96
卒業論文,91
言語,90
３,90
生物,90
V,90
環境,84
応用,82
特,80
社会,78
数理,77
外国語,76
科目,76
化学,75
開講,74
教養,73
指導,71
VI,65
国際,65
４,64
分析,63
史,62
グローバル,60
二,60
法,57
第一,57
朝鮮,55
韓国,54
設計,52
日本,52
テクスト,51
論文,49
中級,49
a,48
物質,48
現代,47
2,46
思想,46
VII,46
初級,46
総合,44
５,44
情報,44
建築,44
政治,43
ドイツ語,42
中国語,42
８,41
心理学,40
生命科学,39
６,39
基礎科学,39
０,39
A,39
VIII,38
理論,37
b,37
生命,37
情報学,36
イタリア語,36
社会学,36
A1,36
S2,36
社会科学,35
S1,35
アジア,34
地球,34
概説,34
プロジェクト,34
スラヴ,34
自然科学,33
７,33
文学,33
フランス,33
動物,33
経済,32
上級,32
英語学,32
倫理,31
教育,31
教育法,31
高度,31
歴史,31
物理,31
９,31
語,31
資源,31
数学,31
統合,30
英米文学,30
森林,30
講読,29
相関,29
解析学,29
広域,28
会話,28
語学,28
国文学,28
日本史,28
哲学,27
情報工学,27
フランス語,27
計画,26
中国語学,26
統計,26
有機化学,26
環境学,26
考古学,26
L,25
中国文学,25
IX,25
数理科学,25
物理学,25
構造,25
イギリス,25
材料,25
美術史,25
西洋史,25
X,24
航空宇宙,24
印度,24
東西文明,23
進化,23
比較,23
情報科学,23
民法,23
ロシア,22
プログラミング,22
エネルギー,22
科学技術,22
文化人類学,22
量子力学,22
都市,22
経済学,21
地域文化,21
計算,21
イタリア,21
地中海,21
フランス文学,21
スペイン語,21
解析,21
後期,21
植物,21
製図,20
臨床,20
学際,20
地理,20
空間,20
健康,20
生物学,20
幾何学,20
ドイツ,20
東欧,20
社会心理学,20
言語学,20
技術,19
国際社会,19
ヨーロッパ,19
代数学,19
金融,19
国際関係論,19
日本文化,19
ロシア語,19
輪講,19
三,19
マテリアル,19
フランス語学,19
惑星,19
認知,18
アメリカ,18
ラテンアメリカ,18
国語学,18
インド哲学,18
仏教,18
調査,17
原典,17
中国,17
現代思想,17
農業,17
力学,17
東洋史,17
Ⅲ,16
セミナー,16
物理化学,16
XI,16
芸術,16
ドイツ文学,16
精読,16
専修,16
都市工学,16
電子,16
宗教学,16
生体,15
生理学,15
生態学,15
分子,15
統計力学,15
経営,15
XII,15
ラテン語,15
看護学,15
少人数,15
組織,15
電気,15
イタリア文学,15
生産,14
商法,14
機械,14
身体,14
東アジア,14
機能,14
数,14
環境工学,14
システム工学,14
統計学,13
実践,13
計測,13
分析化学,13
基盤,13
入門,13
ラテンアメリカ研究,13
XIII,13
デザイン,13
精密,13
及,13
宗教史,13
病,13
国際政治,12
and,12
物質科学,12
日本経済,12
コミュニケーション,12
確率統計,12
人間,12
開発,12
資料,12
アラビア語,12
作文,12
野外,12
集中,12
研究倫理,12
系,11
科,11
エシックス,11
Ib,11
データ,11
Ia,11
地域,11
読解,11
マネジメント,11
死生学,11
流体力学,11
水圏,11
推進,11
美学,11
イスラム,11
学習,10
スポーツ,10
人類学,10
圏,10
人類,10
表象,10
態,10
XIV,10
近代,10
経済史,10
総論,10
材料力学,10
物性,10
システム情報,10
航空機,10
近代文学,10
西洋古典学,10
芸術学,10
倫理学,10
比較文化,9
交流,9
行動科学,9
Ⅳ,9
宇宙,9
政治学,9
ため,9
比較文学,9
西洋,9
産業,9
制御,9
遺伝学,9
博物館,9
夏季,9
四,9
計数,9
手法,9
細胞,9
医療,8
3,8
L4,8
6,8
国際関係,8
理I,8
行動,8
生化学,8
細胞生物学,8
複素解析,8
分子生物学,8
無機化学,8
シミュレーション,8
技法,8
理II,8
熱力学,8
現代社会,8
国際法,8
地域研究,8
薬理学,8
北アメリカ,8
ギリシア語,8
造形,8
行政法,8
制御工学,8
応用数学,8
ソフトウェア,8
文章,8
聴,8
解,8
E,8
空気力学,8
XV,8
農学,8
in,7
生態,7
域,7
文化科学,7
for,7
脳科学,7
批評,7
表象文化論,7
分野,7
政策,7
方法論,7
栄養学,7
電磁気学,7
生体高分子,7
生物多様性,7
自然,7
外交,7
薬学,7
ファイナンス,7
教育学,7
教育社会学,7
物,7
インターンシップ,7
精密工学,7
管理,7
プロセス,7
振動,7
文学史,7
発生学,7
惑星物理学,7
XA,7
XB,7
素材,7
民事訴訟法,7
刑法,7
思想史,6
Advanced,6
5,6
宗教,6
解剖学,6
応用倫理学,6
トレーニング,6
卒業研究,6
バイオインフォマティクス,6
科学哲学,6
地球科学,6
循環,6
文献,6
公共,6
政治経済,6
アジア地域,6
民族,6
英語圏,6
古典,6
情報処理,6
フィールド,6
ヒンディー語,6
ポルトガル語,6
公衆衛生,6
原論,6
Academic,6
数量,6
バイオマス,6
マクロ経済学,6
ミクロ経済学,6
生理,6
行政学,6
知能,6
海洋,6
数理工学,6
機械工学,6
冬季,6
実地,6
電気工学,6
人文,6
前期,6
文芸,6
天文学,6
および,6
XE,6
IS,6
AD,6
木質,6
食品,6
水生,6
第２部,6
第１部,6
フィールドワーク,5
ビジネス,5
英語科,5
L1,5
科学技術社会論,5
数学科,5
文法,5
認知科学,5
心,5
技術経営,5
国際協力,5
社会科,5
国語,5
量子化学,5
最適化,5
XVI,5
メディア,5
東洋,5
的,5
メディア論,5
文化史,5
LS,5
教職,5
疫学,5
表現,5
経営戦略,5
保険,5
事情,5
労働経済,5
Writing,5
Introduction,5
to,5
財務,5
企業,5
利用,5
計量経済学,5
病理学,5
微生物学,5
生物統計学,5
社会教育,5
水,5
固体,5
水理学,5
大気,5
デバイス,5
半導体,5
高分子,5
アルゴリズム,5
化学工学,5
建築構造,5
第五,5
弾性,5
看護,5
ゲノム,5
XF,5
XC,5
獣医,5
外科,5
昆虫,5
英米法,5
医薬品,4
スポーツ科学,4
情報科,4
理科教育,4
発達,4
地理歴史,4
インタープリター,4
超分子,4
発生,4
脳神経,4
心理,4
連続体力学,4
数学II,4
実解析,4
数学I,4
反応,4
構成,4
多様性,4
社会技術,4
生態系,4
エネルギー資源,4
エネルギー工学,4
モデル,4
地域社会,4
書,4
公共政策,4
体系,4
スペイン,4
ブラジル,4
ラテンアメリカ文学,4
言語教育,4
民族誌,4
日本手話,4
インドネシア語,4
広東語,4
トルコ語,4
ベトナム語,4
小児,4
法制史,4
労働法,4
デリバティブ,4
放射線,4
博物館学,4
バイオ,4
人体,4
教育心理学,4
憲法,4
地球環境,4
緑地,4
神経,4
機構学,4
回路,4
対象,4
加工,4
信号処理,4
ロボット,4
プレゼンテーション,4
電子回路,4
インテンシブ,4
AM,4
創造,4
機器,4
Management,4
通論,4
コンピュータ,4
固体物理,4
応用化学,4
建築材料,4
建築史,4
医学,4
構造力学,4
ＩＶ,4
臨海,4
西洋哲学,4
Ⅵ,4
各論,4
動物学,4
XG,4
XD,4
計算機,4
植物学,4
水産,4
育種学,4
公共性,3
方法,3
こころ,3
人間科学,3
芸術作品,3
Liberal,3
Arts,3
Students,3
-2,3
計量,3
脳,3
特別活動,3
原理,3
表現論,3
リテラシー,3
制御論,3
物性物理学,3
素粒子物理学,3
一般,3
相対論,3
量子,3
システム生物学,3
測定,3
環境問題,3
文明,3
環境経済学,3
作成,3
社会学研究,3
法学,3
医薬,3
政治・経済,3
地,3
IIb,3
IIa,3
アメリカ文学,3
変遷,3
横断,3
個別,3
日本語学,3
社会調査,3
映像,3
アカデミックスキル,3
L7,3
ポーランド語,3
セルビア・クロアチア語,3
英,3
政治学史,3
ゼミナール,3
経済法,3
租税法,3
総合科学,3
人口,3
比較法,3
日本法制史,3
投資,3
流通,3
Japanese,3
Economy,3
ベンチャ,3
リング,3
実証,3
財政,3
Economic,3
理Ⅰ,3
戦略,3
管理会計,3
財務会計,3
経営史,3
資本主義,3
マーケティング,3
日本経営,3
フード,3
形態学,3
免疫学,3
金融法,3
発達心理学,3
教育行政,3
バリア,3
スタディーズ,3
図書館,3
教授,3
統計法,3
疾病,3
ドイツ法,3
ヒューマン,3
モデリング,3
ライフサイクル,3
領域,3
流体,3
プラズマ,3
知識,3
研修,3
計測工学,3
エンジニアリング,3
微生物,3
認識,3
機械力学,3
メカトロニクス,3
流れ,3
コンテンツ,3
機械学習,3
電気回路,3
材料工学,3
数値解析,3
反応工学,3
結晶学,3
無機,3
工,3
ものづくり,3
ＶＬＳＩ,3
光電子,3
アントレプレナーシップ,3
機構,3
通,3
化学反応,3
高分子化学,3
沿岸,3
景観,3
構,3
計算科学,3
光学,3
法規,3
建築設備,3
毒性学,3
保健学,3
基礎看護学,3
精神,3
情報システム学,3
宇宙工学,3
ＩＩＩ,3
南欧,3
植物生理学,3
リモートセンシング,3
酵素,3
本郷,3
固体物理学,3
Crop,3
測量,3
講究,3
土壌学,3
森,3
産業動物,3
現象,3
細菌学,3
衛生学,3
獣医学,3
汎論,3
刑事訴訟法,3
第３部,3
Japan,2
World,2
ソ連,2
生命倫理,2
Conflict,2
Politics,2
現象学,2
教育課程,2
公民,2
生活,2
環境社会学,2
招待,2
チュートリアル,2
アジア太平洋,2
ブランドデザインスタジオ,2
アクティブラーニング,2
Webプログラミング,2
精神医学,2
ALESS,2
教師,2
道徳教育,2
性,2
ライティング,2
再生,2
バイオメカニクス,2
適応,2
公共哲学,2
分光学,2
常微分方程式,2
動力学,2
カオス,2
量子エレクトロニクス,2
バイオイメージング,2
高次,2
自然環境,2
サステナビリティ,2
数値,2
経済政策,2
生物圏,2
先進,2
食の安全,2
安心,2
食料,2
法学研究,2
開発経済学,2
外,2
取引,2
国際機構,2
秩序,2
アフリカ,2
組織論,2
XXI,2
近現代史,2
中東,2
南アジア,2
東南アジア,2
ドイツ語圏,2
イギリス文学,2
現代史,2
様態論,2
東,2
アジア文化,2
卒論,2
音,2
日本文学,2
対照,2
類型,2
民俗学,2
台湾語,2
サンスクリット語,2
上海語,2
体験,2
活動,2
ニュース,2
ヘブライ語,2
タイ語,2
ペルシャ語,2
モンゴル語,2
教育哲学,2
日本教育史,2
1,2
発展途上国,2
トピックス,2
倫,2
理Ⅱ,2
農村,2
感染症,2
中国法,2
ローマ法,2
近代法,2
法務,2
松井,2
社会保障,2
環境政策,2
再生可能エネルギー,2
Institutional,2
Analysis,2
of,2
証券,2
Topics,2
金融政策,2
Essential,2
Skills,2
Presentation,2
Research,2
Theory,2
and Me,2
Information,2
Science,2
金融市場,2
佐藤,2
世界経済,2
阿部,2
久保川,2
金融機関,2
リスク管理,2
マクロ,2
尾山,2
加藤,2
下津,2
アクチュアリー,2
ワークショップ,2
経営管理,2
フロンティア,2
the,2
化,2
メカニズム,2
ゲーム理論,2
雇用,2
政治経済学,2
食,2
イスラーム,2
法哲学,2
評価,2
法社会学,2
特許法,2
放射化学,2
疾患,2
代謝,2
天然物化学,2
学校,2
学校経営,2
高等教育,2
教育方法学,2
行政調査,2
生涯学習,2
比較教育学,2
相談,2
ダイナミクス,2
安全,2
学習心理学,2
ストレス,2
教育実習,2
中,2
指導法,2
水質,2
Energy,2
コンピューティング,2
形成,2
プロジェクトマネジメント,2
核融合,2
都市交通,2
都市計画,2
交通,2
ビーム,2
Mechanics,2
可視化,2
海外,2
電磁,2
創成,2
システム設計,2
機械材料,2
マイニング,2
Global,2
seminar,2
on,2
urban,2
engineering,2
先端,2
まちづくり,2
光,2
熱工学,2
熱,2
マイクロ,2
量,2
-1,2
４年生,2
波動,2
コントロール,2
ロボティクス,2
Robotics,2
アクチュエータ,2
センサ,2
ナノ,2
Materials,2
語彙,2
漢字,2
UT,2
MIT,2
International,2
Lecture,2
表面,2
材料強度学,2
有機,2
信頼性,2
電力,2
大要,2
磁気,2
ハードウエア,2
生態工学,2
アカデミック,2
経済工学,2
分離工学,2
プロセスシステム工学,2
統計的,2
スパコン,2
情報通信,2
理工学,2
オペレーティングシステム,2
エレクトロニクス,2
地震,2
構造物,2
地盤,2
水文学,2
イノベーション,2
序論,2
バイオテクノロジー,2
鉄筋コンクリート構造,2
鉄骨構造,2
荷重,2
外力,2
六,2
施工,2
ガスタービン,2
母性,2
支援,2
チベット語,2
住宅,2
ペルシア語,2
ギリシャ語,2
免疫,2
在宅,2
期,2
老年,2
ジェットエンジン,2
自動,2
地理学,2
電算機,2
C,2
米,2
B,2
比較言語学,2
音声学,2
古文書,2
バイオメトリックス,2
系統分類学,2
人体解剖学,2
配列,2
第2部,2
第1部,2
哲学概論,2
Ⅴ,2
天体,2
輻射,2
宇宙空間物理学,2
地球流体力学,2
内部,2
観測,2
星間,2
課題研究,2
巡検,2
天然,2
生体物質,2
分子遺伝学,2
生物物理化学,2
気候,2
岩石,2
地球化学,2
実験物理学,2
XH,2
論理,2
場の量子論,2
数学III,2
食品衛生,2
緑地環境学,2
森林科学,2
森林利用学,2
森林政策学,2
経理,2
風景,2
造林,2
応用微生物学,2
牧場,2
保全生態学,2
漁業,2
ランドスケープ,2
エコロジー,2
寄生虫学,2
ウイルス学,2
実験動物,2
小動物,2
臨床実習,2
繁殖,2
循環器病学,2
生物工学,2
農村計画,2
木質材料,2
農業経営,2
木材,2
内分泌,2
外科学,2
消化器,2
園芸学,2
栽培,2
土壌,2
作物,2
タンパク質,2
遺伝,2
魚類,2
化合物,2
政治史,2
フランス法,2
国際私法,2
知的財産,2
国際紛争,1
Today,1
s,1
健康心理学,1
農作業,1
国法,1
Prevention,1
Post,1
道徳,1
価値,1
地域経済,1
ダイバーシティ,1
ひと,1
まち,1
複合,1
多読,1
日常,1
メール,1
日本社会,1
探訪,1
IJ,1
7,1
翻訳,1
国連,1
インクルージョン,1
協,1
創,1
問題,1
発見,1
体験型,1
知財,1
協力,1
交感,1
発育,1
スポーツ医学,1
神経科学,1
認知心理学,1
性格,1
行動障害,1
身体運動,1
運動神経,1
基礎心理学,1
知覚心理学,1
認知神経科学,1
社会神経科学,1
IIIa,1
IIIb,1
現象数理学,1
凝縮,1
光生物学,1
偏微分方程式,1
複雑系,1
リスク,1
環境影響評価,1
制度,1
歴史地理学,1
人口論,1
職業倫理,1
都市地理学,1
経済地理学,1
意思決定,1
持続,1
可能,1
進化論,1
消費,1
ジェンダー,1
社会思想,1
計算社会科学,1
外交政策,1
国民統合,1
経済発展,1
現代社会学,1
展開,1
Ⅸ,1
Ⅹ,1
インタラクティブ,1
がん,1
中央アジア,1
中東地域,1
アメリカ外交,1
米州,1
近代史,1
変容,1
関係,1
ユーラシア,1
旧ソ連,1
生活文化,1
意味,1
日本歴史,1
変異,1
変化,1
芸能,1
形,1
参加,1
概念,1
再検討,1
映像人類学,1
１１７,1
社会人類学,1
テクノロジー,1
イメージ,1
自然人類学,1
課題,1
と食,1
舞台芸術,1
伝統芸能,1
音響,1
話し方,1
敬語,1
シリア,1
通訳,1
日,1
バラエティ,1
用語,1
こと,1
批判,1
０6,1
教育思想,1
教育人間学,1
近現代,1
先進国,1
社会疫学,1
社会主義,1
諸国,1
インベストメント,1
エコノミクス,1
大橋,1
岡崎,1
藤本,1
粕谷,1
柳川,1
高橋伸夫,1
新宅,1
福田,1
馬場,1
神取,1
小野塚,1
谷本,1
石原,1
エネルギー政策,1
佐口,1
Asset,1
Pricing,1
持田,1
矢坂,1
自動車産業,1
田渕,1
ＩＴ,1
産業界,1
大森,1
不動産証券化,1
社会資本,1
Speaking,1
Planning,1
理Ⅲ,1
Auction,1
chanism,1
Design,1
物価,1
変動,1
ＩＣ,1
Deep Learning,1
Related,1
Methods,1
Large,1
Dataset,1
Processing,1
Data,1
Practical,1
Interaction,1
Heterogeneity,1
Macroeconomics,1
労働経済学,1
整,1
米山,1
桑嶋,1
林,1
松島,1
城山,1
高橋明彦,1
青木,1
渡辺,1
山口,1
古澤,1
稲水,1
楡井,1
市村,1
時系列,1
泰裕,1
宮尾,1
首藤,1
植田健,1
一,1
プライシング,1
中嶋,1
Development,1
Korea,1
Other,1
Asian,1
Countries,1
フードクリエーションサイエンス,1
ライフサイエンス,1
人口統計,1
Population,1
Aging,1
Generational,1
高齢,1
世代,1
間,1
中央銀行,1
債券,1
金融経済学,1
労使関係,1
国際貿易,1
会計,1
マーケット,1
管,1
経営組織,1
農業環境,1
影響,1
ICT,1
法と経済学,1
朝鮮半島,1
Quantitative,1
Social,1
刑事政策,1
薬事法,1
製剤,1
化学療法,1
創薬,1
薬物動態,1
安全性,1
衛生化学,1
社会保障法,1
会計学,1
法医学,1
医事法,1
消費者,1
行政,1
日本外交,1
law,1
現代日本,1
学校教育,1
Philosophical,1
Issues,1
Education,1
Public,1
Policy,1
教育経済学,1
持続可能な開発,1
取り組み,1
教育政策,1
幼児教育,1
初等教育,1
中心,1
アイデンティティ,1
読書,1
教育課程論,1
情報サービス,1
ボランティア,1
創造性,1
ことば,1
言語心理学,1
ドラマ,1
セラピー,1
Brain,1
Behavioral,1
Measurement,1
Psychological,1
Experiment,1
質的,1
学校心理学,1
政策学,1
心理的,1
アセスメント,1
バリアフリー,1
パーソナリティ,1
感情,1
人格心理学,1
ディスアビリティ・スタディーズ,1
行財政,1
高,1
教育相談,1
運動,1
種目,1
日本の教育,1
生徒指導,1
進路指導,1
マルチエージェントシステム,1
地区,1
リスクマネジメント,1
産業組織論,1
調和,1
災害,1
レジリエンスコロキウム,1
Environment,1
amp,1
環境計画,1
地圏,1
第一原理,1
原子力,1
知,1
コロキウム,1
IIＣ,1
IＣ,1
物流,1
居住,1
安全学,1
海中,1
Beam,1
Applications,1
Quantum,1
Relativistic,1
Nuclear,1
Reactor,1
Engineering,1
Fundamental,1
炉,1
形状,1
原子炉,1
量子論,1
データ指向,1
レジリエンス,1
微分方程式,1
解法,1
伝熱,1
Heat,1
Transfer,1
サイエンティフィックビジュアリゼーション,1
信頼性工学,1
プロセシング,1
都市住宅,1
土地利用,1
廃棄物,1
変換,1
ツーリズム,1
上下水道,1
システム解析,1
開発プロジェクト,1
地域計画,1
環境技術,1
福祉,1
サステナブル・マニュファクチャリング,1
非線形,1
画像処理,1
算法,1
トライボロジー,1
自動車,1
エンジン,1
asurement,1
ゼミ,1
３年生,1
プログラム,1
自動車工学,1
有限要素法,1
技術者,1
インテリジェンス,1
確率・統計,1
インタフェース,1
パターン,1
IＢ,1
生体工学,1
B2,1
B1,1
IIＢ,1
ロボット工学,1
生産現場,1
運動学,1
工場見学,1
IＡ,1
IIＡ,1
人工,1
薄膜,1
計画法,1
Structural,1
Semiconductor,1
Nano,1
Biomaterials,1
光デバイス,1
複合材料,1
鉄鋼,1
界面化学,1
電気化学,1
相,1
平衡,1
速度,1
自由研究,1
セラミック,1
２年生,1
確率,1
金属,1
幾何,1
代数,1
伝熱工学,1
分散システム,1
インターネット,1
Ｇ,1
ネットワーク,1
界,1
Ｆ,1
多文化,1
理解,1
コンピュータアーキテクチャ,1
電離,1
気体,1
Visualizing,1
Modern,1
マテ,1
応化,1
シス,1
Sustainable,1
Urban,1
データ構造,1
国際経済学,1
職業指導,1
触媒,1
エネルギー変換,1
パワーエレクトロニクス,1
モーション,1
先端技術,1
偶数,1
年,1
Nanoscience,1
ディジタル,1
信号,1
安全工学,1
電磁波工学,1
ＡＤ,1
音声,1
情報機器,1
人工知能,1
無線通信,1
電気自動車,1
インターフェース,1
電子材料,1
ワイヤレス,1
電気材料,1
情報セキュリティ,1
通信,1
網,1
電圧,1
プログラミング言語,1
アーキテクチャ,1
化学技術,1
リスク分析,1
海岸工学,1
コンクリート工学,1
ケーススタディ,1
河川,1
流域,1
途上国,1
シビルエンジニア,1
活躍,1
世界,1
風,1
土地,1
導入,1
実装,1
自然災害,1
防災,1
インフラ,1
移転,1
卒研,1
経営学,1
化学工業,1
分子集合体,1
ケミカル,1
インダス,1
トリー,1
Discussion,1
Reporting,1
最前線,1
防火,1
物理数学,1
連続体,1
分子エレクトロニクス,1
情報理論,1
量子情報,1
音響学,1
卒業制作,1
有機物,1
卒業,1
考査,1
複雑,1
ソフトマター,1
設備,1
日本建築史,1
環境デザイン,1
空気,1
耐震,1
塑性,1
溶接,1
近代都市,1
七,1
Introductory,1
lectures,1
chemistry,1
biotechnology,1
宇宙機,1
職域,1
朝日,1
講座,1
居場所,1
未来,1
航空工学,1
運航管理,1
宇宙科学,1
航空宇宙工学,1
国際保健,1
防御,1
病態,1
読み方,1
書き方,1
母子,1
救急処置,1
家族,1
急性,1
高速,1
内燃機関,1
人間工学,1
医療人類学,1
解剖,1
示,1
説,1
軌道,1
慢性,1
成人,1
ヘルス,1
コミュニケーション学,1
実例,1
社会福祉,1
ロケットエンジン,1
航空,1
XXII,1
展示,1
文化施設,1
美術工芸品,1
法律学,1
書道,1
地誌,1
漢文学,1
学外,1
館,1
園,1
日本の文化,1
歴史資料,1
社会学史概説,1
フランス語圏,1
ＶＩＩ,1
講,1
議,1
ＶＩ,1
書誌学,1
史学,1
理学,1
クラスター,1
古人類学,1
遺伝子,1
進化発生生物学,1
集団,1
調節,1
系統,1
先史,1
オーミクス,1
データマイニング,1
理論生物学,1
地質学,1
天体物理学,1
地球電磁気学,1
気象学,1
体力,1
海洋物理学,1
系外惑星,1
太陽,1
恒星物理学,1
資料保存,1
GIS,1
火山,1
マグマ,1
地球史,1
古生物学,1
宇宙論,1
恒星進化論,1
天体観測,1
位置天文学,1
天体力学,1
銀河天文学,1
惑星地質学,1
合成,1
造岩鉱物,1
構造地質学,1
地形,1
地質調査,1
海洋学,1
堆積学,1
地形学,1
無機化合物,1
鉱物学,1
錯体化学,1
構造化学,1
形態,1
分子進化,1
人類生物学,1
化学物理学,1
離散数学,1
プロセッサ,1
コンパイラ,1
Vb,1
Va,1
数学史,1
D,1
J,1
処理,1
関数,1
型,1
コンピュータネットワーク,1
グラフィクス,1
リアルタイムシステム,1
連続,1
言語モデル,1
離散,1
言語処理,1
職業,1
ユーザーインターフェイス,1
情報倫理,1
現代物理学,1
量子光学,1
宇宙物理学,1
プラズマ物理,1
サブ,1
アトミック,1
原子核,1
環境倫理,1
Model,1
ing,1
普遍性,1
農場,1
放射線生物学,1
保全,1
野生動物,1
面接,1
動物福祉,1
農家,1
理III,1
Soil,1
Fertility,1
英語表現,1
Winter,1
Economics,1
Summer,1
Food,1
Resources,1
内科,1
呼吸器,1
泌尿,1
生殖器,1
農政学,1
馬,1
界面,1
魚,1
共生社会,1
水利,1
農地,1
土壌物理学,1
ポストハーベスト,1
土質力学,1
水処理,1
植物繊維,1
有機反応,1
生殖,1
バイオマスエネルギー,1
増,1
養殖,1
生物海洋学,1
水産資源,1
木材化学,1
セルロース,1
生産工学,1
砂防,1
農業工学,1
開発学,1
レクリエーション,1
協同組合,1
動態,1
住環境,1
農業政策,1
農業経済学,1
感染症学,1
IoT,1
要素,1
泌尿器,1
生産者,1
呼吸,1
内科学,1
運動器,1
エキゾチックアニマル,1
血液,1
軟部,1
肝臓,1
人獣共通感染症,1
皮膚,1
家禽,1
画像診断,1
獣,1
医事,1
麻酔,1
鎮痛,1
手術,1
動物行動学,1
眼科学,1
腸管,1
生物有機化学,1
農芸化学,1
林水,1
耕地,1
農業気象,1
植物病理学,1
発酵工学,1
栄養,1
分類学,1
昆虫学,1
自然保護,1
応用物理学,1
生物無機化学,1
微生物生態学,1
農業資源,1
雑草,1
野生動物管理,1
持続的,1
樹木学,1
樹木,1
集団遺伝学,1
植物ウイルス,1
昆虫病理学,1
森林生態学,1
菌類,1
食品科学,1
浮遊生物,1
無脊椎動物,1
脊椎,1
体液,1
刑事,1
財政学,1
分類,1
食糧,1
第４部,1
過程,1